{"cameraMode":{"drawMode":0,"name":"Shaded","section":"Shading Mode"},"sceneLighting":true,"audioPlay":false,"sceneViewState":{"m_AlwaysRefresh":false,"showFog":true,"showSkybox":true,"showFlares":true,"showImageEffects":true,"showParticleSystems":true,"showVisualEffectGraphs":true,"m_FxEnabled":true},"in2DMode":false,"pivot":{"x":-3.9060587882995607,"y":17.005659103393556,"z":-60.333953857421878},"rotation":{"x":-0.14825168251991273,"y":-0.011276554316282273,"z":0.001690463162958622,"w":-0.9888864755630493},"size":5.828084468841553,"orthographic":false}